gene_id	gene_name	baseMean	log2FoldChange	padj
ENSG00000162614	NEXN	683.889252588904	1.98782481990333	7.03616298456969e-100
ENSG00000211445	GPX3	1536.11698957792	3.71044765542241	1.0575932845487001e-94
ENSG00000154734	ADAMTS1	3733.70324898261	2.32791983774533	2.06769460695569e-85
ENSG00000120129	DUSP1	416.350978876229	2.98951276301135	3.3682277828992197e-81
ENSG00000134243	SORT1	680.669922374367	2.12678909080614	3.85589949415592e-79
ENSG00000178695	KCTD12	328.700807978867	-2.503884680234	1.08554437288e-78
ENSG00000108821	COL1A1	12572.6477187913	-1.3272334663573	7.998758852992251e-74
ENSG00000107562	CXCL12	3485.43730209275	-1.90155260057911	5.75344686935644e-72
ENSG00000157214	STEAP2	371.393837671046	1.87858056815404	9.89823367361415e-71
ENSG00000172403	SYNPO2	1137.99086248017	1.64621177655919	1.4311301579658099e-64
ENSG00000148175	STOM	1673.24693255781	1.41952523419698	1.0370378468482701e-60
ENSG00000189221	MAOA	288.717059853941	3.26006311547932	4.54283281375727e-58
ENSG00000116285	ERRFI1	403.826962322172	2.4383504917402	9.560034521786731e-52
ENSG00000196136	SERPINA3	343.828541052329	3.16344938981351	4.30323616674791e-51
ENSG00000124762	CDKN1A	981.260024379521	-1.04987482718925	6.151680169535861e-51
ENSG00000125148	MT2A	448.089276633995	2.15900721596045	1.06479175957105e-50
ENSG00000119139	TJP2	689.068956350906	1.96387932954827	2.85687881998675e-50
ENSG00000166741	NNMT	917.746012122524	2.21535327080824	1.2540406096638099e-49
ENSG00000206538	VGLL3	1572.48744256197	1.32591612664914	3.1068398792011997e-49
ENSG00000162407	PLPP3	3219.23694536471	-1.02161464886661	6.75386908015421e-49
